{"train/loss": 0.4984, "train/learning_rate": 7.049999999999999e-05, "train/epoch": 0.99, "train/global_step": 50, "_timestamp": 1716216675.733146, "_runtime": 183.6656539440155, "_step": 11, "eval/loss": 0.379168838262558, "eval/accuracy": 0.46511627906976744, "eval/runtime": 3.0031, "eval/samples_per_second": 28.637, "eval/steps_per_second": 7.326, "train/train_runtime": 181.8051, "train/train_samples_per_second": 8.933, "train/train_steps_per_second": 0.275, "train/total_flos": 0.0, "train/train_loss": 0.6381430149078369, "_wandb": {"runtime": 181}}