{"train/loss": 1.0209, "train/grad_norm": 1.297442078590393, "train/learning_rate": 3.926701570680628e-07, "train/epoch": 3.0, "train/global_step": 582, "_timestamp": 1716728788.777988, "_runtime": 626.249538898468, "_step": 58, "train_runtime": 627.8127, "train_samples_per_second": 14.837, "train_steps_per_second": 0.927, "total_flos": 6.430540461139558e+16, "train_loss": 1.2176850534386652, "_wandb": {"runtime": 625}}