{"train/loss": 0.0, "train/learning_rate": 0.00017249999999999996, "train/epoch": 1.0, "train/global_step": 128, "_timestamp": 1712726741.3180153, "_runtime": 227.79967641830444, "_step": 25, "eval/loss": 1.0593726074148435e-06, "eval/accuracy": 1.0, "eval/runtime": 3.2041, "eval/samples_per_second": 33.707, "eval/steps_per_second": 8.427, "train/train_runtime": 225.8869, "train/train_samples_per_second": 9.058, "train/train_steps_per_second": 0.567, "train/total_flos": 0.0, "train/train_loss": 0.21712230955206913, "_wandb": {"runtime": 225}}