{"train/loss": 0.551, "train/learning_rate": 4.424778761061947e-07, "train/epoch": 2.99, "train/global_step": 765, "_timestamp": 1712727736.317689, "_runtime": 794.8722019195557, "_step": 76, "train/train_runtime": 796.4553, "train/train_samples_per_second": 15.413, "train/train_steps_per_second": 0.961, "train/total_flos": 6.616287634731827e+16, "train/train_loss": 0.6709716619229784, "_wandb": {"runtime": 793}}