{"train/loss": 0.542, "train/learning_rate": 5.309734513274336e-07, "train/epoch": 2.99, "train/global_step": 765, "_timestamp": 1712683098.8153057, "_runtime": 802.9530436992645, "_step": 76, "train/train_runtime": 804.5801, "train/train_samples_per_second": 15.258, "train/train_steps_per_second": 0.951, "train/total_flos": 6.618445637694259e+16, "train/train_loss": 0.6793274436900818, "_wandb": {"runtime": 799}}