{"train/loss": 0.0016, "train/learning_rate": 0.00017399999999999997, "train/epoch": 1.0, "train/global_step": 128, "_timestamp": 1712825185.7345943, "_runtime": 243.82765126228333, "_step": 25, "eval/loss": 5.0332214414083865e-06, "eval/accuracy": 0.8055555555555556, "eval/runtime": 3.3722, "eval/samples_per_second": 32.026, "eval/steps_per_second": 8.007, "train/train_runtime": 241.3724, "train/train_samples_per_second": 8.477, "train/train_steps_per_second": 0.53, "train/total_flos": 0.0, "train/train_loss": 0.2319863435784555, "_wandb": {"runtime": 241}}