{"train/loss": 0.0784, "train/learning_rate": 0.00017249999999999996, "train/epoch": 1.0, "train/global_step": 128, "_timestamp": 1712681456.532855, "_runtime": 228.38936495780945, "_step": 25, "eval/loss": 0.0012553756823763251, "eval/accuracy": 0.9907407407407407, "eval/runtime": 3.2945, "eval/samples_per_second": 32.782, "eval/steps_per_second": 8.196, "train/train_runtime": 226.3588, "train/train_samples_per_second": 9.039, "train/train_steps_per_second": 0.565, "train/total_flos": 0.0, "train/train_loss": 0.23195349116940633, "_wandb": {"runtime": 226}}