{"train/loss": 1.1836, "train/grad_norm": 2.6011102199554443, "train/learning_rate": 4.4750000000000004e-05, "train/epoch": 1.0, "train/global_step": 187, "_timestamp": 1716882460.7111182, "_runtime": 210.78247213363647, "_step": 18, "train_runtime": 212.6031, "train_samples_per_second": 14.111, "train_steps_per_second": 0.88, "total_flos": 2.066036840988672e+16, "train_loss": 1.5336051420731978, "_wandb": {"runtime": 210}}