{"train/loss": 0.0987, "train/grad_norm": 2.2374699115753174, "train/learning_rate": 0.00014399999999999998, "train/epoch": 1.0, "train/global_step": 102, "_timestamp": 1716727661.9232757, "_runtime": 392.9228446483612, "_step": 21, "eval/loss": 0.11257104575634003, "eval/accuracy": 0.8497109826589595, "eval/runtime": 6.4855, "eval/samples_per_second": 26.675, "eval/steps_per_second": 6.784, "train_runtime": 387.7355, "train_samples_per_second": 8.454, "train_steps_per_second": 0.263, "total_flos": 0.0, "train_loss": 0.3878337653244243, "_wandb": {"runtime": 391}}