{"train/loss": 0.4924, "train/learning_rate": 0.0, "train/epoch": 2.99, "train/global_step": 750, "_timestamp": 1712826123.9359484, "_runtime": 784.9000954627991, "_step": 75, "train/train_runtime": 786.5436, "train/train_samples_per_second": 15.28, "train/train_steps_per_second": 0.954, "train/total_flos": 7.361402703655731e+16, "train/train_loss": 0.626851853052775, "_wandb": {"runtime": 782}}