{"train/loss": 0.7049, "train/learning_rate": 4.2e-05, "train/epoch": 1.0, "train/global_step": 32, "_timestamp": 1712680949.2380323, "_runtime": 185.70607924461365, "_step": 7, "eval/loss": 0.7718916535377502, "eval/accuracy": 0.1574074074074074, "eval/runtime": 3.2586, "eval/samples_per_second": 33.143, "eval/steps_per_second": 8.286, "train/train_runtime": 183.1934, "train/train_samples_per_second": 11.169, "train/train_steps_per_second": 0.175, "train/total_flos": 0.0, "train/train_loss": 0.7020518742501736, "_wandb": {"runtime": 183}}